accuracy,sd_accuracy,precision,sd_precision,recall,sd_recall
0.6150866744386436,0.037126639286459484,0.13707033900852653,0.010435528093945183,0.6641073080481036,0.09794925359325284
